t,xp,zp,vxp,vzp,axp,azp,xo,zo,vxo,vzo,axo,azo,xs,zs,vxs,vzs,axs,azs
0.00000000,1.77864200,-2.11176400,�,�,�,�,-3.51080800,-2.68328100,�,�,�,�,-5.20952100,-4.04970700,�,�,�,�
0.00104167,1.77475600,-2.07632500,-0.91725080,9.49488500,�,�,-3.50640200,-2.65322400,-5.37200000,3.67349000,�,�,-5.21213400,-4.03347400,-4.76311400,6.01898900,�,�
0.00208333,1.77673100,-2.09198300,3.80492500,-75.56379000,8029.78900000,-71885.65000000,-3.52200000,-2.67562800,-4.94475400,-96.30726000,7879.07600000,-69943.08000000,-5.21944400,-4.03716800,-3.02181100,-6.71039800,4359.31600000,-7483.85400000
0.00312500,1.78268300,-2.23375000,14.67466000,-151.81290000,5947.34000000,-34000.52000000,-3.51670400,-2.85386500,14.00538000,-161.22700000,13084.04000000,-22978.96000000,-5.21842900,-4.04745400,5.18165800,-9.20594400,10463.18000000,-2042.10400000
0.00416667,1.80730400,-2.40826000,19.12702000,-145.40220000,5548.38200000,20889.25000000,-3.49282200,-3.01151700,23.36695000,-133.25580000,2812.47600000,38113.17000000,-5.20864900,-4.05634700,18.15533000,-10.09826000,5835.37400000,3236.92900000
0.00520833,1.82253100,-2.53667100,22.53449000,-102.66990000,-4849.79100000,49924.47000000,-3.46802300,-3.13148100,19.35249000,-82.70445000,-5999.05900000,50567.01000000,-5.18060500,-4.06849200,20.20226000,-4.08617200,-804.84380000,5659.44000000
0.00625000,1.85425100,-2.62215500,14.24440000,-44.09157000,-8190.18500000,49538.05000000,-3.45250400,-3.18381800,10.20374000,-24.84606000,-6982.06400000,44131.69000000,-5.16656100,-4.06485900,13.32843000,4.00534800,-6510.97500000,6845.98700000
0.00729167,1.85220700,-2.62852800,-0.49872420,6.62051700,-12110.30000000,45023.16000000,-3.44676500,-3.18324300,4.27782600,10.44285000,-3925.27900000,34720.94000000,-5.15283800,-4.06014800,8.25611500,8.65232700,-7421.22600000,6794.17600000
0.00833333,1.85321200,-2.60836200,-7.10003200,44.35126000,-2089.94000000,17870.63000000,-3.44359200,-3.16206200,2.43226800,43.39286000,-4422.17600000,11461.85000000,-5.14936100,-4.04683400,-2.65882400,18.45522000,-8066.34600000,5128.95800000
0.00937500,1.83741500,-2.53613000,-8.34079000,51.69318000,4673.31800000,-16812.15000000,-3.44169800,-3.09284200,-4.09020000,42.86632000,-4832.08400000,-21019.06000000,-5.15837700,-4.02170000,-9.44665700,20.83878000,-3619.85900000,-6370.04900000
0.01041667,1.83583500,-2.50066800,4.83093900,4.87906000,6927.03900000,-59114.34000000,-3.45211300,-3.07275700,-9.33068500,-6.71586600,2400.69900000,-57746.04000000,-5.16904100,-4.00342000,-9.65294800,5.19813900,3985.09500000,-14273.03000000
0.01145833,1.84748000,-2.52596500,7.46058800,-70.64935000,3732.97900000,-48357.00000000,-3.46113700,-3.10683300,0.62029860,-75.39826000,11351.38000000,-45721.89000000,-5.17848700,-4.01087000,-1.88988400,-11.35508000,9692.43600000,-15237.42000000
0.01250000,1.85137800,-2.64785400,9.77671000,-106.45390000,3804.12400000,-7478.83800000,-3.45082100,-3.22983700,16.00321000,-111.40590000,7315.39600000,-530.35470000,-5.17297800,-4.02707600,11.60481000,-24.67970000,7972.49400000,-4342.73500000
0.01354167,1.86784800,-2.74774400,17.41239000,-79.00275000,1478.55900000,31099.48000000,-3.42779700,-3.33892900,17.00584000,-73.02604000,-2624.20500000,40065.51000000,-5.15431100,-4.06228600,15.80140000,-23.83254000,1005.74600000,7279.25100000
0.01458333,1.88765400,-2.81244300,13.27264000,-41.31647000,-7591.10800000,36950.66000000,-3.41539200,-3.38197500,8.67063200,-22.51889000,-7605.90900000,37859.51000000,-5.14005900,-4.07672700,12.37840000,-6.42563600,-4800.89300000,14198.53000000
0.01562500,1.89549900,-2.83382000,0.70391700,-1.24731000,-13593.50000000,39718.50000000,-3.40973300,-3.38584300,1.52216800,5.39135700,-8483.23800000,33529.89000000,-5.12852200,-4.07567300,6.39807200,5.76905800,-5630.79900000,15360.67000000
0.01666667,1.88912000,-2.81504200,-14.92102000,40.72417000,-9211.41300000,30574.74000000,-3.41222100,-3.37074300,-8.74910000,43.15577000,-6480.33400000,26217.52000000,-5.12672900,-4.06470800,-0.22453940,23.95407000,-6937.32700000,9586.60300000
0.01770833,1.86441400,-2.74897800,-20.48634000,65.83651000,-3146.16300000,13344.47000000,-3.42796000,-3.29593500,-13.47108000,67.51346000,1215.32300000,1560.59600000,-5.12899000,-4.02576900,-7.22093800,29.95865000,-5454.32400000,-1137.84900000
0.01875000,1.84644000,-2.67788300,-19.04025000,66.25758000,8443.90800000,-17630.11000000,-3.44028600,-3.23009000,-5.71451800,43.84971000,2904.36100000,-20591.10000000,-5.14177300,-4.00229400,-12.69268000,18.16814000,-1301.37000000,-11797.56000000
0.01979167,1.82474600,-2.61094100,-5.98671700,32.70127000,12504.32000000,-34217.83000000,-3.43986500,-3.20458200,-5.11754000,20.29663000,1109.35100000,-30724.15000000,-5.15543300,-3.98791800,-9.80373700,6.26916100,2311.54200000,-14942.46000000
0.02083333,1.83396800,-2.60975500,11.17376000,-11.89981000,11021.44000000,-45731.47000000,-3.45094700,-3.18780500,-6.45290700,-14.25343000,4974.14500000,-35743.50000000,-5.16219800,-3.98923400,-6.82394900,-12.83668000,8590.67000000,-14829.57000000
0.02187500,1.84802500,-2.63573300,15.26501000,-57.18280000,-985.82860000,-22879.54000000,-3.45330900,-3.23427600,6.04287200,-60.04025000,11018.41000000,-17533.43000000,-5.16965000,-4.01466100,5.69125200,-26.55087000,11114.44000000,-4239.62100000
0.02291667,1.86577000,-2.72888600,10.26174000,-69.72939000,-4031.46000000,5939.24100000,-3.43835800,-3.31288900,17.78767000,-53.92935000,3241.25900000,13389.28000000,-5.15034100,-4.04454800,19.85944000,-21.63529000,4894.16300000,5437.14200000
0.02395833,1.86940400,-2.78100200,4.52929200,-36.50727000,611.12730000,24860.91000000,-3.41625100,-3.34662900,13.66889000,-24.86331000,-5806.20400000,22768.55000000,-5.12827600,-4.05973500,15.27431000,-13.11148000,-7110.32100000,8898.50800000
0.02500000,1.87520600,-2.80494300,11.89625000,-17.64775000,2304.75200000,20878.85000000,-3.40988100,-3.36468700,3.42658400,-8.66057000,-9452.08300000,20188.33000000,-5.11851900,-4.07186400,3.94394400,-4.68008000,-11461.03000000,11515.23000000
0.02604167,1.89418800,-2.81776800,11.89367000,4.22062100,-9770.98100000,23694.97000000,-3.40911300,-3.36467200,-4.90576400,16.27608000,-2400.56300000,15571.14000000,-5.12005900,-4.06948500,-8.32940400,11.36154000,-6710.57100000,11205.90000000
0.02708333,1.89998400,-2.79615000,-9.07973100,33.81290000,-12956.52000000,21560.26000000,-3.42010200,-3.33077900,-3.77132600,27.85489000,-2310.68500000,10050.69000000,-5.13587200,-4.04819400,-11.71433000,20.28643000,-1506.85900000,6124.86100000
0.02812500,1.87527100,-2.74732500,-19.04740000,50.05263000,-5400.69300000,18265.35000000,-3.41696900,-3.30664100,-5.72884700,32.25649000,-3964.92300000,21818.11000000,-5.14446400,-4.02722200,-9.34328400,22.45001000,1138.39200000,1973.98400000
0.02916667,1.86030200,-2.69187300,-16.58617000,68.69953000,3938.33800000,3959.70200000,-3.43203700,-3.26357800,-15.36691000,72.16944000,-2071.98800000,11954.66000000,-5.15533700,-4.00142300,-10.18661000,25.04327000,2926.34500000,-5218.88500000
0.03020833,1.84071700,-2.60420100,-12.97609000,65.00387000,9268.33100000,-17034.32000000,-3.44898400,-3.15628800,-9.95707800,69.46336000,6622.16800000,-18180.73000000,-5.16568600,-3.97504800,-3.88298800,13.07462000,5800.33100000,-12535.93000000
0.03125000,1.83326900,-2.55644900,3.22222100,28.06651000,10016.14000000,-33705.18000000,-3.45278100,-3.11886300,-0.13916510,22.25993000,5026.88800000,-37910.02000000,-5.16342700,-3.97418400,3.41290900,-3.93119900,3632.01500000,-14660.12000000
0.03229167,1.84743000,-2.54572900,10.46865000,-5.32567200,2808.25100000,-36282.47000000,-3.44927400,-3.10991300,0.95938870,-6.47759800,4122.08000000,-35802.05000000,-5.15857600,-3.98323800,3.35982300,-16.02994000,2171.78600000,-15230.30000000
0.03333333,1.85507900,-2.56754400,6.77848300,-45.88169000,2973.11200000,-28355.43000000,-3.45078200,-3.13235800,6.17145000,-50.53882000,3728.26100000,-25173.59000000,-5.15642700,-4.00758000,6.72340100,-35.36375000,553.84060000,-4701.71700000
0.03437500,1.86155200,-2.64131600,15.60625000,-69.48499000,186.93580000,3618.71600000,-3.43641700,-3.21520200,11.56532000,-66.86296000,-2370.43000000,6583.59300000,-5.14456900,-4.05691300,6.69971000,-30.59870000,-4869.87100000,8628.80800000
0.03541667,1.88759200,-2.71230400,11.81527000,-38.61699000,-10317.31000000,25073.11000000,-3.42668700,-3.27165500,0.73766550,-32.20355000,-4877.13500000,25656.95000000,-5.14247000,-4.07132700,-4.49609500,-11.25371000,-4618.79700000,14793.14000000
0.03645833,1.88616700,-2.72176800,-9.79285200,-9.01286900,-8427.27200000,17725.48000000,-3.43488000,-3.28229300,-1.62643000,-9.09670500,-1099.16900000,16796.87000000,-5.15393600,-4.08035800,-4.97574800,-2.33998500,-375.29770000,11763.22000000
0.03750000,1.86719000,-2.73108100,-7.75949900,-6.26877800,454.90270000,14262.17000000,-3.43007600,-3.29060700,1.85306300,-1.02660400,-765.42770000,15255.20000000,-5.15283600,-4.07620200,-2.16428300,13.35448000,4484.21100000,16885.29000000
0.03854167,1.87000100,-2.73482800,-3.73437100,18.32179000,-198.62140000,16846.81000000,-3.43101900,-3.28443200,-4.40108600,22.18965000,-1997.54700000,11684.92000000,-5.15844500,-4.05253600,1.58838000,33.12290000,389.09950000,4672.69500000
0.03958333,1.85941000,-2.69291100,-11.33824000,35.40093000,-526.44580000,5521.12800000,-3.43924500,-3.24437800,-3.53602800,28.40475000,1067.19500000,2447.42200000,-5.14952700,-4.00719600,2.03156100,27.07420000,64.15663000,-8069.49600000
0.04062500,1.84638000,-2.66107600,-5.27930300,25.96653000,3567.39200000,-3119.03100000,-3.43838600,-3.22525500,-0.27541950,21.62792000,588.77990000,1841.87200000,-5.15421200,-3.99613200,-1.55962600,10.18674000,-2799.66100000,-11189.72000000
0.04166667,1.84841100,-2.63881400,-1.22044600,27.41781000,-54.65483000,643.47000000,-3.43981900,-3.19932000,-3.01268600,33.39709000,-31.71515000,2553.71600000,-5.15277600,-3.98597400,-1.60262300,6.45868600,-1391.66200000,-6112.91200000
0.04270833,1.84383700,-2.60395500,-6.96423700,30.16255000,1850.37300000,-4158.22900000,-3.44466200,-3.15567800,-1.15191200,30.53295000,1414.00500000,-8460.81800000,-5.15755100,-3.98267600,-5.58737200,-2.60302600,-432.26550000,-6949.48200000
0.04375000,1.83390200,-2.57597500,0.86603670,18.18705000,1306.14900000,-9613.14300000,-3.44221800,-3.13571000,1.31399200,12.29184000,1115.04400000,-11891.63000000,-5.16441600,-3.99139700,-2.89211900,-9.09405800,1979.67600000,-3369.91400000
0.04479167,1.84564200,-2.56606600,0.61849390,8.30149400,830.08530000,-6574.83400000,-3.44192500,-3.13007000,0.36460670,5.41683900,261.68030000,-4602.10000000,-5.16357600,-4.00162200,-0.12944930,-9.10719800,1285.00200000,1503.28700000
0.04583333,1.83519100,-2.55868000,-2.94628800,5.59599500,-1945.52800000,-3819.54900000,-3.44145900,-3.12442500,1.83243400,3.90376200,-145.64090000,-2538.03700000,-5.16468600,-4.01037000,-1.01747200,-5.99916200,834.50600000,2280.69400000
0.04687500,1.83950300,-2.55440700,0.61506810,0.59170790,6379.80900000,-6049.76700000,-3.43810700,-3.12193700,0.79160820,0.03249902,1074.20800000,-2561.07900000,-5.16569600,-4.01412000,1.41557800,-3.75019300,4333.51400000,2572.82700000
0.04791667,1.83647200,-2.55744800,6.92114000,-7.18730200,-664.53190000,-1893.69800000,-3.43981000,-3.12435700,2.57772100,-1.94279300,-815.88030000,-2872.72000000,-5.16173700,-4.01818300,8.07489500,-1.38411800,1369.41400000,-107.35340000
0.04895833,1.85392200,-2.56938100,4.31915000,-4.99477400,264.33570000,-2234.01800000,-3.43273700,-3.12598400,1.41028800,-5.01395400,446.07630000,-2272.32400000,-5.14887300,-4.01700400,6.04883200,-2.68784700,-3279.30400000,-2086.13500000
0.05000000,1.84547100,-2.56785300,1.18653900,-8.02903900,-414.22910000,-4269.93300000,-3.43687200,-3.13480300,0.70120250,-7.81090700,-1611.56500000,-5239.48400000,-5.14913500,-4.02378300,-1.05296100,-7.09687600,-4599.46300000,-4122.09800000
0.05104167,1.85639400,-2.58610800,8.21420200,-17.52633000,809.98860000,-877.11390000,-3.43127600,-3.14225700,0.80767480,-14.23772000,-1211.69200000,-905.10070000,-5.15106700,-4.03178900,-2.73654500,-10.49670000,-858.55740000,-578.51550000
0.05208333,1.86258400,-2.60436600,1.52675500,-9.62876500,-4230.38000000,6720.95200000,-3.43518900,-3.16446500,-3.78951000,-13.00162000,-774.03130000,4381.71200000,-5.15483600,-4.04565100,-3.05889200,-9.55676400,707.26580000,3420.90900000
0.05312500,1.85957500,-2.60616800,-1.70482600,-1.32499100,-1190.28700000,5352.36300000,-3.43917100,-3.16934400,-0.62001350,-2.09138600,2707.27500000,7651.08100000,-5.15744000,-4.05169900,-1.16757900,-2.38539600,1704.21000000,6303.89200000
0.05416667,1.85903200,-2.60712700,-0.05143096,0.33042890,-3058.25700000,4945.40000000,-3.43648100,-3.16882200,2.74706800,2.24194600,562.53210000,6392.01100000,-5.15726900,-4.05062000,0.71371850,3.64512200,1292.78500000,5384.33100000
0.05520833,1.85946800,-2.60548000,-7.04468400,8.31548800,-30.92710000,1685.99700000,-3.43344800,-3.16467300,0.48753430,10.43110000,-1200.49500000,2766.46100000,-5.15595300,-4.04410500,1.46373200,8.73463400,616.15260000,3106.48000000
0.05625000,1.84435500,-2.58980300,-3.83952500,6.77096400,4255.31900000,-1158.19400000,-3.43546500,-3.14709000,-0.65319910,10.50917000,-2040.41300000,-2690.09000000,-5.15421900,-4.03242300,1.93724900,10.54789000,-805.74610000,-701.93270000
0.05729167,1.85146900,-2.59137400,6.04670400,2.06483100,3596.27600000,-3188.89400000,-3.43480900,-3.14277900,-2.59047000,2.34213300,1118.87300000,-5105.91100000,-5.15191700,-4.02213000,0.13134700,7.12178300,-1560.24700000,-4830.14800000
0.05833333,1.85695300,-2.58550100,2.32500500,2.74417400,-2007.44100000,-249.81440000,-3.44086200,-3.14221100,-0.22372080,0.30316150,2798.31400000,-760.35460000,-5.15394600,-4.01758600,-1.94632500,0.36316470,-1753.19200000,-5422.39100000
0.05937500,1.85631300,-2.58565700,0.91763850,0.16281330,-1527.17300000,22333.81000000,-3.43527500,-3.14214700,5.30413200,0.83493850,1024.57800000,12182.17000000,-5.15597200,-4.02137300,-3.06403800,-4.76232500,-280.32750000,-341.50820000
0.06041667,1.85886400,-2.58516200,0.30708090,43.61279000,-7198.65100000,22930.74000000,-3.42981100,-3.14047100,1.61441700,22.89727000,-6637.39700000,23475.38000000,-5.16032900,-4.02750800,-3.01673300,-0.82257910,-2845.48300000,3824.67800000
0.06145833,1.85695300,-2.49479700,-13.27617000,63.53269000,-5950.39800000,14328.49000000,-3.43191200,-3.09444500,-8.61056500,54.27274000,-7923.67100000,22167.09000000,-5.16225700,-4.02308700,-7.66807000,4.74282000,-2962.33800000,5270.41800000
0.06250000,1.83120600,-2.45280200,-16.26036000,58.12335000,-1995.46500000,-5524.26200000,-3.44775000,-3.02740300,-16.12699000,68.34962000,-2497.50600000,-4540.90500000,-5.17630400,-4.01762700,-11.32554000,9.03457800,-369.61620000,3822.64200000
0.06354167,1.82307700,-2.37370600,-12.68547000,62.36684000,5483.78300000,-13749.53000000,-3.46550900,-2.95205000,-13.62431000,47.98989000,5186.34600000,-22481.37000000,-5.18585200,-4.00426500,-7.26187100,13.60743000,6107.25200000,-603.32040000
0.06458333,1.80477800,-2.32287100,-8.70469800,26.27641000,4645.67100000,-27276.19000000,-3.47613400,-2.92742400,-4.96037600,15.19324000,5600.51200000,-23128.25000000,-5.19143300,-3.98927800,0.75932510,8.32494700,4728.27900000,-6799.79700000
0.06562500,1.80494200,-2.31896400,0.21440620,1.38208700,8255.60700000,-18473.14000000,-3.47584400,-2.92039700,-0.79541370,1.60541100,4683.86000000,-10327.28000000,-5.18427000,-3.98692100,4.41612900,-1.81944600,1257.21400000,-8587.84400000
0.06666667,1.80522400,-2.31999200,6.37293400,-8.58320800,1240.25000000,-3662.16000000,-3.47779100,-2.92408000,3.04076400,-6.20282400,2771.76100000,-3934.92500000,-5.18223300,-3.99306800,1.82078200,-9.37075900,-1814.81600000,-5886.87800000
0.06770833,1.81821900,-2.33684500,5.52619500,-9.09174600,-2292.07800000,1138.58200000,-3.46950900,-2.93332000,6.71251100,-6.90145400,-1287.93400000,790.82850000,-5.18047600,-4.00644400,1.04053700,-14.28561000,-1547.02500000,-1443.51800000
0.06875000,1.81673700,-2.33893300,-1.27961800,-2.96391600,-5975.32600000,4585.43600000,-3.46380700,-2.93845800,0.07360657,-3.77670100,-5622.30200000,1733.50500000,-5.18006500,-4.02283000,-1.32210400,-12.72472000,-698.61140000,4063.04300000
0.06979167,1.81555300,-2.34302000,-5.29494700,-1.21271600,-421.61830000,1445.84600000,-3.46935500,-2.94118800,-6.23656800,-3.16355100,-757.73700000,2234.11900000,-5.18323100,-4.03295400,-1.09150500,-5.37602700,279.31540000,6293.74200000
0.07083333,1.80570600,-2.34146000,-4.12723700,1.02717800,1910.63900000,1556.64600000,-3.47680000,-2.94504800,-1.76268100,0.02461950,4715.17800000,4229.45300000,-5.18233900,-4.03403000,0.16089540,0.91959980,1592.26000000,4884.00600000
0.07187500,1.80695500,-2.34088000,0.85088750,1.38943000,3673.22600000,-812.10290000,-3.47302800,-2.94113700,5.05074800,6.41176800,1500.02000000,2079.72300000,-5.18289600,-4.03103800,1.46342100,4.50356800,1979.48600000,2483.72500000
0.07291667,1.80747900,-2.33856500,2.39491200,-0.03660228,679.76770000,-583.18530000,-3.46627700,-2.93169100,1.68650600,5.14397700,-2701.76300000,-2519.03500000,-5.17929000,-4.02464800,4.76822600,6.26274800,-276.80940000,-1489.90600000
0.07395833,1.81194400,-2.34095700,3.03589700,-0.80330040,468.86990000,299.50720000,-3.46951400,-2.93042000,-2.27123700,-0.14231440,-1711.47100000,-2397.92900000,-5.17296200,-4.01799000,1.61233000,1.85166000,-1877.74700000,-2908.22300000
0.07500000,1.81380400,-2.34023900,2.62426600,1.25565800,-1145.99900000,350.06830000,-3.47100900,-2.93198700,-1.01533800,0.09169789,743.71570000,-1457.83800000,-5.17593100,-4.02079000,-0.88620750,-1.30830900,-2149.47700000,-2758.36900000
0.07604167,1.81741100,-2.33834100,1.36637800,0.11804070,-1751.87900000,-1170.61400000,-3.47162900,-2.93022900,-0.70558060,-2.00177200,-369.97030000,-1403.55000000,-5.17480800,-4.02071600,-1.32380000,-2.48699300,554.59560000,-37.43581000
0.07708333,1.81665000,-2.33999300,-1.61775000,-1.73027800,-1629.29700000,-791.18950000,-3.47247900,-2.93615700,-1.74480900,-4.31165300,-737.79980000,-1010.41900000,-5.17868900,-4.02597100,-1.07621100,-2.65551800,456.94400000,-291.18640000
0.07812500,1.81404100,-2.34194500,-2.04727400,-1.39638700,42.04727000,328.49590000,-3.47526400,-2.93921200,-2.51509600,-3.15382600,-37.68690000,1621.55500000,-5.17705000,-4.02624800,0.83395020,-1.82309700,58.65586000,909.36840000
0.07916667,1.81238500,-2.34290200,-1.31228400,-0.89235670,850.41350000,405.90660000,-3.47771900,-2.94272800,-1.73408500,-1.46663500,1255.93100000,1784.12200000,-5.17695200,-4.02976900,-1.33898500,-1.77630900,-105.60500000,678.13550000
0.08020833,1.81130700,-2.34380400,-0.35836300,-0.64353850,411.83640000,333.93790000,-3.47887700,-2.94226700,0.08544253,1.05301700,1438.26800000,1809.76300000,-5.17984000,-4.02994900,-0.07532744,0.21497520,993.29230000,2173.71800000
0.08125000,1.81163800,-2.34424200,-0.22325820,-0.17212110,440.64920000,665.85680000,-3.47754100,-2.94053400,1.48644100,2.13770100,968.27640000,-10.72669000,-5.17710900,-4.02932100,1.82030100,2.37995200,775.27520000,521.97260000
0.08229167,1.81084200,-2.34416300,0.17417340,0.69447710,1220.18700000,779.10140000,-3.47578000,-2.93781300,1.95234600,1.27051600,-445.60880000,-821.18970000,-5.17604700,-4.02499100,0.93715150,2.05522200,-944.09770000,-260.75470000
0.08333333,1.81200100,-2.34279600,2.47048800,1.55720100,1155.62200000,508.35260000,-3.47347300,-2.93788700,0.80526910,-0.02990456,-1628.14800000,-1694.33100000,-5.17515600,-4.02504000,0.05849807,0.85351880,-1629.24400000,-2166.31600000
0.08437500,1.81598900,-2.34091900,2.95948600,1.74343800,-1960.60800000,-1225.38500000,-3.47410300,-2.93787600,-1.72030700,-1.79767400,-856.78130000,-409.19820000,-5.17592500,-4.02321300,-2.43135900,-1.44354400,-1455.96800000,-1247.02800000
0.08541667,1.81816700,-2.33916300,-1.53774900,-0.70573190,-1753.45100000,-814.01710000,-3.47705700,-2.94163200,-1.31468500,-1.68015800,1122.55200000,997.26820000,-5.18022100,-4.02804700,-3.44200300,-3.01848800,898.17950000,-378.93760000
0.08645833,1.81278500,-2.34238900,-2.05131500,-0.93587390,523.94030000,42.52834000,-3.47684100,-2.94137600,1.08693500,0.98334010,1502.74500000,1659.68500000,-5.18309600,-4.02950100,-0.45298110,-1.32300800,2316.53000000,2425.06800000
0.08750000,1.81389300,-2.34111300,0.97497390,0.45214970,1709.94900000,938.05670000,-3.47479300,-2.93958400,1.86458000,1.71398100,-455.17450000,91.18760000,-5.18116500,-4.03080300,1.93427800,1.43864100,1013.12200000,2568.01500000
0.08854167,1.81481600,-2.34144700,1.02130100,0.38778110,-486.79560000,-116.58440000,-3.47295700,-2.93780500,0.20612640,1.14621600,-664.48260000,-73.96268000,-5.17906700,-4.02650400,1.43404500,4.70266000,753.47930000,612.65940000
0.08958333,1.81602100,-2.34030500,0.15522860,0.59378600,2599.35100000,173.09680000,-3.47436300,-2.93719600,-0.12487980,1.29862200,-1191.85400000,2006.30400000,-5.17817800,-4.02100600,3.01750200,2.84308600,-304.70540000,-641.30080000
0.09062500,1.81514000,-2.34021000,5.25902300,0.45216470,-3015.55700000,8506.62200000,-3.47321700,-2.93510000,-1.35386400,5.16027500,-585.40830000,10499.43000000,-5.17278000,-4.02058100,1.96062700,2.31621700,-1820.87800000,1639.70200000
0.09166667,1.82697700,-2.33936300,-2.28930500,16.28100000,-6539.04400000,23864.56000000,-3.47718400,-2.92644500,-2.41918300,22.01230000,-1170.07500000,23536.21000000,-5.17409300,-4.01618100,-1.91228000,6.78609700,-6623.47800000,3107.09400000
0.09270833,1.81037000,-2.30629100,-13.48785000,51.68933000,-6557.34000000,28169.17000000,-3.47825700,-2.88924100,-2.79232000,54.91674000,-3484.85600000,24469.49000000,-5.17676400,-4.00644300,-10.43940000,9.26116000,-2558.22600000,514.30190000
0.09375000,1.79887800,-2.23167700,-13.01532000,77.60115000,-2716.78600000,20206.21000000,-3.48300100,-2.81203500,-9.65284700,76.21843000,-2522.90300000,16816.98000000,-5.19584200,-3.99688700,-10.51329000,7.68018900,-442.46710000,-3697.73100000
0.09479167,1.78325500,-2.14462200,-19.43153000,91.50937000,432.44650000,-13326.52000000,-3.49836700,-2.73045200,-9.94056400,86.62324000,-771.01120000,-10049.60000000,-5.19866700,-3.99044300,-7.34534900,1.77345800,861.03330000,-5099.66700000
0.09583333,1.75839500,-2.04103300,-14.44391000,57.27632000,15303.06000000,-88871.31000000,-3.50371100,-2.63157000,-8.65299300,62.05071000,6641.39200000,-61466.13000000,-5.21114400,-3.99319200,-11.26036000,-3.82239700,5173.39800000,-6147.09100000
0.09687500,1.75316400,-2.02529700,13.17539000,-91.58045000,16613.18000000,-117906.00000000,-3.51639400,-2.60118000,0.40458210,-41.86252000,8985.78800000,-92660.88000000,-5.22212600,-3.99840600,2.44448100,-10.02379000,9652.74000000,-7584.02100000
0.09791667,1.78584400,-2.23182500,24.93948000,-211.00000000,9990.42500000,-43316.92000000,-3.50286800,-2.71878400,14.01769000,-142.38080000,8826.24500000,-44114.89000000,-5.20605200,-4.01407500,12.82904000,-20.15652000,6678.80500000,-2193.19100000
0.09895833,1.80512100,-2.46488000,28.17021000,-176.90980000,-1925.74700000,47877.80000000,-3.48719100,-2.89780700,17.01030000,-137.02100000,563.18930000,19981.45000000,-5.19539900,-4.04039900,13.31840000,-16.57907000,465.68900000,3732.90700000
0.10000000,1.84453200,-2.60038700,26.26126000,-100.31140000,-5414.93700000,64065.25000000,-3.46743000,-3.00424400,16.02443000,-88.53571000,-788.21600000,51175.23000000,-5.17830500,-4.04861500,15.22362000,-9.00573500,894.27420000,7103.68700000
0.10104170,1.85983200,-2.67386200,12.51250000,-45.23631000,-13074.05000000,52106.88000000,-3.45380600,-3.08225600,14.10042000,-36.91078000,-7191.67900000,46700.73000000,-5.16368300,-4.05916100,14.35553000,-4.18897900,-4196.71900000,7843.67600000
0.10208330,1.87060000,-2.69463000,1.34070000,7.32475900,-7349.47000000,37081.97000000,-3.43805400,-3.08114200,3.42562500,15.58629000,-6098.23300000,35470.73000000,-5.14839800,-4.05734200,7.73236200,8.26034700,-6743.28000000,10035.00000000
0.10312500,1.86262500,-2.65860200,-5.38321800,35.99187000,-6755.75100000,9187.00200000,-3.44667000,-3.04978500,-2.86456900,35.00749000,-5377.55000000,645.99630000,-5.14757400,-4.04195200,-1.40750000,17.36094000,-7036.87800000,2595.66200000
0.10416670,1.85938500,-2.61964700,-9.83818200,24.77461000,5983.02500000,-44979.24000000,-3.44402200,-3.00820900,-3.67387600,19.21641000,808.59580000,-48684.17000000,-5.15133000,-4.02117300,-6.19461300,14.28537000,1623.05700000,-7800.36300000
0.10520830,1.84212900,-2.60698800,2.15956500,-52.31289000,12464.05000000,-63868.80000000,-3.45432400,-3.00975100,-4.49854400,-64.08775000,7000.10300000,-62300.18000000,-5.16047900,-4.01219100,0.25697390,0.31039470,7210.73200000,-13958.71000000
0.10625000,1.86388400,-2.72863200,22.24538000,-123.88530000,4599.41100000,-25439.69000000,-3.45339400,-3.14172600,11.78237000,-125.65560000,9540.90000000,-13141.85000000,-5.15079500,-4.02052600,11.46997000,-15.31655000,7327.12900000,-8073.61700000
0.10729170,1.88847300,-2.86508300,11.22417000,-102.24110000,-3338.19400000,27564.55000000,-3.42977700,-3.27153300,18.33854000,-87.52417000,569.68330000,33512.66000000,-5.13658300,-4.04410000,14.70020000,-18.06425000,1998.58800000,-211.77630000
0.10833330,1.88726700,-2.94163400,9.96926400,-59.26153000,-1104.03200000,37938.40000000,-3.41518800,-3.32406800,10.65412000,-46.01920000,-4228.74400000,37418.00000000,-5.12016900,-4.05816000,15.64186000,-13.41934000,-3679.99200000,6997.56500000
0.10937500,1.90924300,-2.98854400,14.77502000,-25.96866000,-7593.40500000,42484.57000000,-3.40758100,-3.36740700,8.95441400,-17.10744000,-5754.12900000,34272.52000000,-5.10399600,-4.07205700,7.93407800,-5.26908400,-6355.82900000,10480.77000000
0.11041670,1.91804900,-2.99573500,-7.03341400,27.71682000,-15358.12000000,35610.08000000,-3.39653300,-3.35970800,0.99044600,28.70580000,-7740.10300000,28433.76000000,-5.10364000,-4.06913700,0.25962660,9.72217300,-6337.77100000,11322.48000000
0.11145830,1.89459000,-2.93080100,-20.96524000,56.25578000,-3305.09700000,21139.21000000,-3.40551800,-3.30760300,-9.96275100,45.38250000,-8715.94200000,19921.27000000,-5.10345500,-4.05180300,-3.66028700,18.83055000,-8142.37300000,12028.05000000
0.11250000,1.87437100,-2.87853600,-12.28056000,63.21109000,10373.00000000,-17833.35000000,-3.41728900,-3.26516100,-15.56699000,62.70140000,-3992.78900000,-17146.60000000,-5.11126600,-4.02990700,-16.50206000,32.74280000,-2915.45300000,-2593.71300000
0.11354170,1.86900500,-2.79911100,1.50843400,30.26546000,11920.75000000,-50466.67000000,-3.43794900,-3.17697500,-19.37439000,25.10434000,8327.52500000,-50630.65000000,-5.13783500,-3.98358800,-13.47698000,19.96406000,4912.68700000,-20864.81000000
0.11458330,1.87751400,-2.81548300,12.77989000,-51.77666000,4474.81300000,-44421.73000000,-3.45765200,-3.21286000,-0.15718360,-59.37125000,14674.65000000,-38108.16000000,-5.13934300,-3.98831500,-1.53203600,-17.54302000,12931.16000000,-22468.29000000
0.11562500,1.89563000,-2.90697900,11.97145000,-68.74150000,-2226.38900000,317.47390000,-3.43827600,-3.30066500,16.75546000,-56.82426000,13837.45000000,1399.33700000,-5.14102600,-4.02013600,10.05332000,-27.49629000,14214.52000000,-8227.08100000
0.11666670,1.90245400,-2.95869400,6.01134600,-41.65050000,-2710.74200000,19887.87000000,-3.42274500,-3.33124400,24.14448000,-43.08628000,-3164.76300000,21196.45000000,-5.11839800,-4.04559900,30.21465000,-31.01440000,1143.67700000,6164.36700000
0.11770830,1.90815400,-2.99375100,6.75996600,-28.48950000,-1596.24700000,19844.20000000,-3.38797500,-3.39042800,15.60373000,-25.04999000,-9219.65600000,21756.67000000,-5.07807900,-4.08475000,16.38400000,-19.54412000,-15675.11000000,16908.58000000
0.11875000,1.91653800,-3.01804700,3.74585500,-2.89374000,-5596.91600000,27092.14000000,-3.39023700,-3.38343200,-1.54992800,12.45756000,-11676.63000000,25420.00000000,-5.08426500,-4.08631600,-9.52095300,8.82862600,-14438.65000000,21013.70000000
0.11979170,1.91595700,-2.99978000,-5.59413600,31.11266000,-12221.61000000,36268.65000000,-3.39120400,-3.36447500,-5.37088500,24.15907000,-5699.03600000,30731.34000000,-5.09791400,-4.06635700,-11.72775000,23.92838000,-3145.07600000,18073.60000000
0.12083330,1.90488300,-2.95322900,-21.05172000,70.00874000,-4395.56700000,21515.71000000,-3.40142700,-3.33310000,-14.16018000,71.45845000,-5105.88900000,23356.85000000,-5.10869800,-4.03646500,-14.56627000,44.15889000,-134.46290000,3482.16600000
0.12187500,1.87210000,-2.85392800,-18.81708000,82.99430000,4377.62500000,-13146.94000000,-3.42070500,-3.21560300,-16.85176000,87.40612000,2665.02500000,-15207.56000000,-5.12826100,-3.97435900,-14.08002000,38.00773000,2453.76500000,-14654.11000000
0.12291670,1.86568100,-2.78032500,-6.74416500,39.87546000,12415.11000000,-42139.19000000,-3.43653500,-3.15100400,-8.47459200,31.04072000,5990.73200000,-46128.95000000,-5.13803100,-3.95728300,-7.74297900,6.63843000,6676.44700000,-24848.78000000
0.12395830,1.85804900,-2.77085400,3.52358400,-9.21384600,8764.42800000,-47820.41000000,-3.43836000,-3.15093500,-2.57004400,-12.17018000,7127.80800000,-49321.46000000,-5.14439200,-3.96052900,-1.09117200,-12.16695000,6466.55800000,-27828.60000000
0.12500000,1.87302200,-2.79952000,14.65759000,-56.44990000,4539.55100000,-25463.48000000,-3.44188900,-3.17635900,4.10997600,-64.98656000,7240.34200000,-23186.78000000,-5.14030400,-3.98263000,6.55267800,-48.61605000,6141.85900000,-10301.20000000
0.12604170,1.88858600,-2.88845800,11.94088000,-70.09693000,-1332.95700000,6766.06300000,-3.42979800,-3.28632400,14.37734000,-74.72757000,5267.18200000,12916.85000000,-5.13074100,-4.06181200,11.41919000,-44.64446000,1864.89000000,10663.28000000
0.12708330,1.89789800,-2.94555500,10.72729000,-36.47417000,-3146.06200000,28307.04000000,-3.41193600,-3.33204100,15.09645000,-26.02092000,-5274.81500000,36522.42000000,-5.11651400,-4.07564000,11.07121000,-13.49270000,-5373.17400000,23220.75000000
0.12812500,1.91093400,-2.96444600,7.09950400,-9.32593600,-4654.32000000,22135.53000000,-3.39834700,-3.34053400,3.73650700,0.78377410,-7999.37300000,19545.39000000,-5.10767600,-4.08992200,0.33136060,-2.42416500,-6686.23000000,15977.15000000
0.12916670,1.91268900,-2.96498400,-0.46467290,8.28154900,-7165.89100000,27757.57000000,-3.40415200,-3.33040800,-4.14042900,14.07703000,-6710.35400000,25083.05000000,-5.11582400,-4.08069000,-5.19417300,21.27578000,-3868.22700000,21902.65000000
0.13020830,1.90996600,-2.94719300,-7.03787800,45.67304000,-10565.89000000,25603.25000000,-3.40697300,-3.31120700,-7.77969000,48.68638000,-992.78170000,17335.74000000,-5.11849700,-4.04559800,-5.40592000,43.70904000,671.75990000,5331.28900000
0.13125000,1.89802700,-2.86983200,-21.93745000,69.25065000,-1697.63900000,4952.70400000,-3.42035900,-3.22897800,-8.48603700,60.80502000,-1691.92400000,1285.33200000,-5.12708600,-3.98963000,-5.38965900,36.00440000,223.95320000,-11778.11000000
0.13229170,1.86426300,-2.80292100,-15.37028000,52.19371000,4932.21000000,-7778.47200000,-3.42465200,-3.18453000,-8.68125000,41.96237000,1740.49100000,-5606.92200000,-5.12972500,-3.97058800,-3.56949300,13.37608000,-808.47510000,-17082.47000000
0.13333330,1.86600500,-2.76109500,-4.42511200,49.05037000,10127.52000000,-12843.51000000,-3.43844500,-3.14155700,-7.59354900,50.22980000,4797.32100000,-8884.04700000,-5.13452300,-3.96176300,-7.38153800,2.41276500,-617.73410000,-18064.68000000
0.13437500,1.85504400,-2.70073200,0.04259650,33.23016000,5797.65400000,-27148.21000000,-3.44047200,-3.07988400,2.88799900,30.25547000,5030.06000000,-27152.02000000,-5.14510300,-3.96556200,-6.08349700,-22.58427000,3051.01300000,-11253.19000000
0.13541670,1.86609400,-2.69186600,11.42613000,-12.79777000,2211.85100000,-32874.20000000,-3.43242900,-3.07852500,3.99247100,-13.74120000,-1111.58600000,-32927.56000000,-5.14719700,-4.00881300,0.21715080,-27.56944000,4084.12800000,-659.59480000
0.13645830,1.87884900,-2.72739400,4.48378000,-37.35152000,-3935.32900000,-16908.88000000,-3.43215400,-3.10851200,-1.00273300,-37.29191000,-26.69238000,-16509.42000000,-5.14465100,-4.02299800,2.47490500,-16.81066000,3344.11800000,5656.73200000
0.13750000,1.87543500,-2.76968200,0.37201370,-45.24336000,-497.35950000,-165.86360000,-3.43451800,-3.15621600,3.31061600,-48.08866000,4340.38300000,-1246.74500000,-5.14204100,-4.04383600,6.32870000,-18.85429000,2214.21600000,3845.89000000
0.13854170,1.87962400,-2.82165100,5.40159200,-39.97768000,329.09660000,12901.68000000,-3.42525700,-3.20869600,9.69929500,-40.71083000,3.55787700,15051.45000000,-5.13146600,-4.06227800,8.42263400,-9.22513500,351.97010000,9490.60900000
0.13958330,1.88668900,-2.85296800,1.66226200,-16.76803000,215.70970000,17595.79000000,-3.41431100,-3.24103000,3.72156900,-15.81599000,-4915.72700000,21924.50000000,-5.12449400,-4.06305500,6.10588200,2.68608300,-3870.60300000,9265.81600000
0.14062500,1.88308700,-2.85658500,3.23481500,-1.25383700,-4257.80400000,17473.83000000,-3.41750400,-3.24164600,-2.65499600,6.86800100,-2619.42900000,17211.46000000,-5.11874600,-4.05668200,1.07290200,9.38149800,-3737.25500000,7556.93500000
0.14166670,1.89342800,-2.85558100,-2.75308600,16.19422000,-6663.26900000,19736.99000000,-3.41984200,-3.22672200,-0.84838430,19.28875000,-2349.59100000,14611.46000000,-5.12225800,-4.04351000,-2.92936700,18.09363000,-3308.95600000,3844.42000000
0.14270830,1.87735100,-2.82284700,-15.25199000,42.34017000,-2320.33400000,7556.72200000,-3.41927100,-3.20146100,-6.23984800,35.98415000,-1845.76100000,3238.00700000,-5.12484800,-4.01898700,-4.73763900,19.11374000,-2296.27300000,-2365.02700000
0.14375000,1.86165300,-2.76737200,-6.89209100,35.42736000,6010.69200000,-8395.67400000,-3.43284200,-3.15175500,-7.60704300,31.05839000,1512.88500000,-5938.11600000,-5.13212800,-4.00369000,-8.24082800,11.56825000,537.70040000,-6542.93400000
0.14479170,1.86299300,-2.74904000,-0.20582300,18.12129000,1260.60400000,-7155.24700000,-3.43511900,-3.13675700,-0.77159210,16.82956000,3201.80100000,-4243.16800000,-5.14201700,-3.99488600,-4.38350400,5.62789900,3946.69300000,-4801.13200000
0.14583330,1.86122400,-2.72961900,-5.34016100,22.64517000,-1512.75200000,5918.24800000,-3.43444900,-3.11669300,-1.06309300,24.53893000,1483.07000000,6554.31300000,-5.14126100,-3.99196500,1.50837400,1.40462500,3054.95900000,-4476.78100000
0.14687500,1.85186700,-2.70186200,-4.78456700,30.91047000,4542.08200000,-1863.21900000,-3.43733400,-3.08563400,1.07883700,31.41673000,2112.98000000,-3502.79700000,-5.13887400,-3.99196000,1.57666100,-3.23297000,836.84980000,-1761.97600000
0.14791670,1.85125600,-2.66522200,5.03859500,21.38062000,4025.60500000,-10814.47000000,-3.43220200,-3.05124200,4.71274300,18.95332000,1365.59500000,-12027.51000000,-5.13797600,-3.99870000,2.67679600,-3.42603600,-511.55350000,-729.60350000
0.14895830,1.86236500,-2.65731900,5.36643600,4.29972300,-1766.74500000,-11323.18000000,-3.42751600,-3.04614800,3.46110700,2.46017600,-1668.16200000,-10590.81000000,-5.13329800,-3.99909800,1.55129400,-3.04078300,-1651.41800000,-1072.84000000
0.15000000,1.86243600,-2.65626500,-0.83077420,-0.90417520,156.46190000,-7120.83300000,-3.42499100,-3.04611700,1.15310100,-1.56800500,-973.53150000,-5280.75700000,-5.13474400,-4.00503500,-1.80350400,-6.71130200,-1535.58400000,-2789.70900000
0.15104170,1.86063400,-2.65920300,5.20178900,-9.63932400,-338.30400000,-2441.80700000,-3.42511300,-3.04941400,1.05115900,-7.96512500,-513.05620000,-2456.28300000,-5.13705500,-4.01308000,-1.45544300,-8.63188100,-378.62200000,-1821.88000000
0.15208330,1.87327300,-2.67634700,2.01867100,-8.76459800,497.59220000,-1677.48900000,-3.42280100,-3.06271100,0.80215280,-8.44524300,1434.83100000,634.31700000,-5.13777600,-4.02301800,-2.11217400,-10.48704000,731.96220000,-168.42290000
0.15312500,1.86483900,-2.67746300,1.05115400,-8.85067100,-2568.23800000,2648.35800000,-3.42344200,-3.06700900,2.95792200,-4.64923900,-674.54160000,946.57950000,-5.14145500,-4.03492800,-0.83102900,-9.41188100,-150.91170000,2417.10000000
0.15416670,1.87546300,-2.69478500,1.91093400,-7.82647300,3120.72100000,-728.40490000,-3.41663900,-3.07239700,1.35921800,-6.98128400,-1592.50400000,-594.07030000,-5.13950800,-4.04262600,-1.03680800,-5.07030800,1489.03700000,3523.86600000
0.15520830,1.86882000,-2.69376800,2.59591300,-5.77678200,345.43270000,2666.54000000,-3.42061100,-3.08155300,-2.53113000,-6.63662500,-194.78040000,3296.75000000,-5.14361500,-4.04549100,0.43000630,-1.82793800,1897.97800000,3677.27800000
0.15625000,1.88087100,-2.70682000,7.02717400,-6.34245800,371.75690000,1707.60900000,-3.42191200,-3.08622300,1.64502500,0.10519150,1740.10000000,4942.72900000,-5.13861200,-4.04643400,4.60980900,2.09401800,711.03500000,3500.00100000
0.15729170,1.88346000,-2.70698100,1.00268000,0.43007380,-8046.11800000,6934.54900000,-3.41718300,-3.08133400,2.08812900,4.66769100,-590.79750000,2427.60400000,-5.13401200,-4.04112800,1.62930400,6.05229500,-2574.45000000,1792.99200000
0.15833330,1.88296000,-2.70592400,-8.38156100,6.59088500,-1135.36400000,1038.12400000,-3.41756200,-3.07649800,-0.65759880,4.51762700,-3803.92500000,909.47890000,-5.13521700,-4.03382500,-1.47659100,5.84160800,-2683.49700000,-1112.21000000
0.15937500,1.86599900,-2.69325000,-5.01778200,5.11065400,3238.66700000,-2123.73400000,-3.41855300,-3.07192200,-4.99332300,6.26344700,-1764.79700000,-442.36690000,-5.13708800,-4.02895800,-3.42204200,3.44036900,-543.85920000,-1369.01600000
0.16041670,1.87250700,-2.69527700,3.15493600,-0.80878740,3863.40400000,-3118.57800000,-3.42796400,-3.06345000,-5.89532300,4.64628700,800.04770000,-2417.79600000,-5.14234700,-4.02665800,-3.28117200,2.72984500,800.80280000,-2674.19700000
0.16145830,1.87257200,-2.69493500,0.47856260,-0.00569201,839.95020000,1999.46400000,-3.43083500,-3.06224200,-1.96525500,0.11236760,3755.69500000,-907.66100000,-5.14392400,-4.02327100,-1.07863900,-1.17357100,2039.26700000,-1410.58000000
0.16250000,1.87350400,-2.69528900,4.89422700,2.66905600,-2670.95800000,27720.48000000,-3.43205900,-3.06321600,1.34638300,2.46837500,172.73110000,24801.31000000,-5.14459400,-4.02910300,0.65390180,-2.05413000,236.84290000,3777.41400000
0.16354170,1.88276800,-2.68937500,-2.39067100,52.03082000,-4717.48800000,32914.12000000,-3.42803000,-3.05710000,-0.38994910,47.02442000,-3064.33600000,23400.22000000,-5.14256100,-4.02755000,0.00171608,7.48466600,-3286.57600000,7912.33500000
0.16458330,1.86852300,-2.58689200,-9.34751100,85.84525000,-5841.90300000,3751.88700000,-3.43287100,-2.96524800,-6.36824500,65.70173000,-2864.65300000,953.28210000,-5.14459000,-4.01351000,-6.31195700,15.36647000,-3900.76600000,2875.57300000
0.16562500,1.86329400,-2.51053000,-10.87624000,52.60092000,-102.78700000,-24167.83000000,-3.44129800,-2.92022100,-6.47252200,37.52413000,-2617.02900000,-16085.73000000,-5.15571100,-3.99553700,-9.29118800,13.67043000,-3035.65600000,-2963.45300000
0.16666670,1.84586400,-2.47730600,-12.46298000,31.43642000,-499.15200000,-15527.25000000,-3.44635600,-2.88707300,-10.33046000,33.52803000,330.03500000,-10421.28000000,-5.16394700,-3.98503000,-11.15319000,8.17249000,267.79170000,-6859.27100000
0.16770830,1.83732900,-2.44503800,-9.65142800,24.06668000,7819.84900000,-14381.15000000,-3.46281900,-2.85037100,-8.60827600,19.37972000,2994.24800000,-15202.47000000,-5.17894700,-3.97851100,-10.42654000,0.20942880,2109.96300000,-8007.80400000
0.16875000,1.82575700,-2.42716700,1.06300100,1.76526800,3291.12700000,-15147.46000000,-3.46428900,-2.84669800,-1.27372400,-2.11167800,6887.50700000,-12847.03000000,-5.18566900,-3.98459400,-5.32006200,-9.44948300,4171.42800000,-4993.72300000
0.16979170,1.83954400,-2.44136000,2.43419000,-11.24108000,1629.49700000,-2905.97100000,-3.46547300,-2.85477100,4.01587900,-6.85817800,2335.36900000,-1227.24200000,-5.19003100,-3.99819700,-2.25597600,-10.69875000,2687.40300000,-473.77500000
0.17083330,1.83082800,-2.45058600,-1.36713500,-2.34005800,-1916.67000000,5038.44600000,-3.45592300,-2.86098600,5.55945700,-3.90325500,-1042.35200000,2462.24900000,-5.19036900,-4.00688300,0.54449200,-9.13272900,3335.81500000,2927.61400000
0.17187500,1.83669600,-2.44623500,2.44017100,1.20207900,622.81150000,1473.15800000,-3.45389100,-2.86290200,0.31155040,-1.33782300,-3123.05200000,1645.86700000,-5.18889600,-4.01722400,4.25953000,-5.75935200,2106.68600000,2892.50800000
0.17291670,1.83591200,-2.44808200,-1.82805900,-1.14204100,-468.98680000,-178.09220000,-3.45527400,-2.86377300,-0.95335110,-0.65214100,-497.76380000,1544.43800000,-5.18149500,-4.01888100,5.80773100,-1.77584500,-1304.36500000,3740.77600000
0.17395830,1.83288700,-2.44861500,1.04738900,1.19279900,1298.89500000,1328.87700000,-3.45587700,-2.86426100,-0.40853700,1.56956200,-733.94180000,1550.78100000,-5.17679700,-4.02092300,1.23295600,0.96744250,-1203.90500000,2286.27400000
0.17500000,1.83809400,-2.44559700,2.51530100,2.13244500,742.54920000,633.99190000,-3.45612500,-2.86050300,-2.20615300,3.19365100,-797.91320000,1664.67800000,-5.17892600,-4.01686600,1.97455200,3.85581500,-1404.52600000,1085.13800000
0.17604170,1.83812800,-2.44417200,1.15936800,1.96628300,-673.01360000,-891.96220000,-3.46047300,-2.85760700,-2.84698700,4.39732800,395.95820000,-675.92190000,-5.17268300,-4.01289100,0.68198170,2.92577300,-2182.20400000,-1858.19700000
0.17708330,1.84050900,-2.44150100,1.85211300,0.80562150,-134.36610000,-905.64500000,-3.46205600,-2.85134200,-0.82085070,2.77014300,1884.58500000,-1904.98000000,-5.17750500,-4.01077000,-4.65906900,0.02324050,-3185.76000000,-2494.53200000
0.17812500,1.84198600,-2.44249400,0.69714280,-0.56411260,-775.87460000,-556.91910000,-3.46218300,-2.85183600,0.93801970,-0.69752590,167.78850000,-2058.28200000,-5.18239000,-4.01284200,-5.14027400,-2.62758100,388.75330000,69.74105000
0.17916670,1.84196200,-2.44267600,0.07756064,-0.01498268,-835.33290000,-223.30180000,-3.46010200,-2.85279500,0.01488458,-1.09353400,267.77200000,375.88510000,-5.18821400,-4.01624500,-4.17612600,-0.16900770,3291.02800000,1708.11300000
0.18020830,1.84214800,-2.44252500,-0.77519280,-0.89122130,-1871.64400000,-765.35340000,-3.46215200,-2.85411500,0.43470740,-0.09872246,-1063.05000000,107.86420000,-5.19109000,-4.01319400,1.56679100,2.03483300,3902.84800000,323.09480000
0.18125000,1.84034700,-2.44453300,-3.81107400,-1.92822900,-328.78100000,-71.50461000,-3.45919600,-2.85300100,-0.72161680,-0.31309700,-28.76861000,497.66770000,-5.18495000,-4.01200500,5.10210300,-0.02677927,558.39830000,-1562.04700000
0.18229170,1.83420800,-2.44654200,-2.41569100,-1.02200100,1023.65300000,599.83830000,-3.46365500,-2.85476700,-1.39724700,0.11748750,325.77370000,104.10990000,-5.18046000,-4.01325000,2.18869800,-1.39670800,-1816.05400000,-134.81410000
0.18333330,1.83531400,-2.44666200,-0.20619020,-0.38122720,1082.87400000,303.08710000,-3.46210700,-2.85275600,1.31393800,0.78297560,354.68480000,-341.26220000,-5.18039000,-4.01491500,0.73089270,-0.37343850,-1271.00800000,-81.46708000
0.18437500,1.83377800,-2.44733600,-1.07580000,-0.60265860,-664.60680000,-308.35080000,-3.46091800,-2.85313600,-0.83679050,-1.07815000,-577.14750000,-968.82550000,-5.17893800,-4.01402800,0.20354930,-0.93267640,-1256.54300000,502.43860000
0.18541670,1.83307300,-2.44791700,-1.21841900,-0.92088060,293.58300000,159.24180000,-3.46385100,-2.85500300,-0.72741400,-1.34013000,1067.37000000,477.76590000,-5.17996600,-4.01685800,-2.15514500,-0.34969270,-2284.61900000,381.08870000
0.18645830,1.83124000,-2.44925500,-0.81122620,-0.49392940,1161.72600000,895.42270000,-3.46243400,-2.85592800,2.15288500,0.01880508,760.22950000,1220.50800000,-5.18342800,-4.01475700,-4.54500300,0.94566630,-289.34410000,908.82110000
0.18750000,1.83138300,-2.44894600,1.37351200,1.10643100,1568.64000000,868.69350000,-3.45936600,-2.85496300,1.05462200,1.33819500,-1660.52800000,1080.25600000,-5.18943500,-4.01488800,-3.29364200,0.77104210,2983.10300000,49.72992000
0.18854170,1.83410100,-2.44695000,2.66644200,1.49477600,1487.15300000,691.87350000,-3.46023600,-2.85314000,-1.81945200,2.19427600,-374.81090000,205.96130000,-5.19028900,-4.01315000,2.12967200,1.48497800,3381.88300000,22.66938000
0.18958330,1.83693800,-2.44583200,4.11276400,2.15668200,-956.76490000,-693.49920000,-3.46315600,-2.85039200,-0.12033120,1.93543100,1194.55700000,-303.54220000,-5.18499800,-4.01179400,4.34617800,0.72067620,159.62030000,-441.86570000
0.19062500,1.84267000,-2.44245700,1.61720400,0.77251480,-1681.03900000,-789.70490000,-3.46048700,-2.84910800,1.69939000,1.28973500,609.08330000,-729.24270000,-5.18123500,-4.01164900,2.05397000,0.38903290,-2392.70200000,835.96220000
0.19166670,1.84030700,-2.44422300,-0.89427530,-0.51689800,-2123.76200000,-750.05090000,-3.45961600,-2.84770500,0.55857280,0.63444320,-992.54900000,-1351.15400000,-5.18071900,-4.01098400,-0.79494570,2.36920500,5.40533700,187.46600000
0.19270830,1.84080700,-2.44353300,-1.56733200,-0.00545805,2097.89100000,1779.66000000,-3.45932300,-2.84778600,-0.24894860,-1.52931300,-1278.40500000,2552.59400000,-5.18289100,-4.00671300,1.41879400,1.59621500,268.34570000,-268.70510000
0.19375000,1.83704200,-2.44423400,1.90657200,2.39368600,853.08760000,5057.66800000,-3.46013400,-2.85089100,-2.03660900,4.56173900,-88.43866000,8797.46100000,-5.17776300,-4.00765800,1.44612600,0.62743570,-1454.76800000,789.15270000
0.19479170,1.84477900,-2.43854700,2.74816100,10.74741000,-9198.83600000,16961.12000000,-3.46356600,-2.83828200,-1.03923900,18.27912000,569.63950000,16483.04000000,-5.17987800,-4.00540600,-2.97136100,3.80232700,-3556.87300000,3076.52700000
0.19583330,1.84276700,-2.42184400,-17.20173000,35.95610000,-6568.00600000,32141.02000000,-3.46229900,-2.81281000,0.12955550,37.69624000,-3435.74600000,34298.47000000,-5.18395400,-3.99973700,-5.50826800,7.05558200,-2169.72300000,2708.12900000
0.19687500,1.80894200,-2.36363800,-16.86012000,79.29844000,-2167.09600000,35989.86000000,-3.46329600,-2.75974800,-7.84568000,87.42363000,-4808.02300000,31467.77000000,-5.19135400,-3.99070700,-7.72452900,9.54575500,1070.66100000,459.96420000
0.19791670,1.80764200,-2.25663900,-13.34601000,113.27310000,2770.12600000,-9190.94700000,-3.47864500,-2.63067700,-12.07932000,113.30180000,600.54330000,-14387.18000000,-5.20004600,-3.97985000,-3.86672900,8.33241000,1504.03000000,-4168.62100000
0.19895830,1.78113800,-2.12765200,-17.85952000,67.82093000,13618.27000000,-102441.80000000,-3.48846200,-2.52370300,-5.42350600,55.89364000,5901.28900000,-72886.80000000,-5.19940900,-3.97334700,-2.74372100,0.90168180,913.78160000,-6885.83900000
0.20000000,1.77043500,-2.11534500,15.27130000,-101.47270000,20471.64000000,-125845.90000000,-3.48994400,-2.51423200,0.67870890,-42.96549000,8342.11300000,-93315.42000000,-5.20576200,-3.97797100,-3.87856400,-6.89024100,3485.25800000,-19759.29000000
0.20104170,1.81295300,-2.33905400,32.23164000,-218.22960000,4639.89400000,-37959.37000000,-3.48704800,-2.61321400,10.83410000,-140.24140000,7740.52800000,-46785.39000000,-5.20749000,-3.98770200,4.71977500,-36.34348000,9335.20400000,-6873.56600000
0.20208330,1.83758400,-2.56999000,19.43655000,-172.40400000,-7200.54600000,59588.59000000,-3.46737200,-2.80640200,18.81611000,-150.86050000,4574.39800000,23730.56000000,-5.19593000,-4.05368700,16.32774000,-32.92118000,4612.74900000,9931.19000000
0.20312500,1.85344600,-2.69822900,17.00099000,-84.95719000,-3031.42200000,67264.15000000,-3.44784700,-2.92750700,19.13679000,-79.68301000,-2723.06700000,60269.24000000,-5.17347400,-4.05628800,15.74341000,-3.02759900,-325.29380000,18613.78000000
0.20416670,1.87300300,-2.74698400,14.79739000,-30.71103000,-5185.20300000,48124.05000000,-3.42750400,-2.97240800,14.04859000,-22.70555000,-4786.96400000,49749.98000000,-5.16313100,-4.05999500,12.82762000,0.74482870,237.45730000,11604.54000000
0.20520830,1.88427300,-2.76221000,5.56012800,10.81599000,-13420.71000000,36076.65000000,-3.41858000,-2.97481000,7.67005200,21.20665000,-5511.42400000,31278.98000000,-5.14674900,-4.05473600,17.62552000,20.27809000,-3402.09000000,10661.95000000
0.20625000,1.88458600,-2.72445100,-12.29740000,47.77016000,-2518.90900000,4089.70700000,-3.41152500,-2.92822700,3.55295100,46.06994000,-5232.84500000,-1290.07000000,-5.12641100,-4.01774800,7.57559400,27.79573000,-8064.80500000,-1182.73000000
0.20729170,1.85865400,-2.66268900,-5.33043900,24.03180000,8515.12900000,-52553.50000000,-3.41117800,-2.87883100,-3.47877100,19.53009000,-4389.21300000,-55709.37000000,-5.13096700,-3.99682800,-3.05061500,14.26584000,-7356.70600000,-13883.55000000
0.20833330,1.87348100,-2.67438500,13.00726000,-65.66028000,11825.45000000,-67561.87000000,-3.41877200,-2.88754000,-6.35429600,-69.42867000,4804.80000000,-69680.34000000,-5.13276600,-3.98802800,-5.17350600,-0.42153200,3810.79400000,-21239.46000000
0.20937500,1.88575200,-2.79948100,15.61293000,-126.34410000,-672.97610000,-24183.16000000,-3.42441600,-3.02347400,5.74829500,-138.02570000,11389.32000000,-16528.33000000,-5.14174500,-3.99770700,2.17313800,-28.88690000,7459.72400000,-11861.58000000
0.21041670,1.90600800,-2.93760100,13.69675000,-112.86980000,-1576.54800000,35186.41000000,-3.40679700,-3.17509300,19.99047000,-103.32260000,4970.33400000,44545.05000000,-5.12823900,-4.04820900,13.82128000,-31.84192000,4701.59300000,5111.54600000
0.21145830,1.91428700,-3.03462700,9.86465000,-52.33942000,-3087.48300000,46302.72000000,-3.38276900,-3.23873000,16.34690000,-35.70805000,-6743.73600000,48780.57000000,-5.11295100,-4.06404400,11.17149000,-11.24878000,-3609.28000000,15916.99000000
0.21250000,1.92655900,-3.04664200,9.02684200,-8.06144500,-6625.74200000,45556.32000000,-3.37274100,-3.24948500,4.33731200,-1.70813000,-8459.75000000,39465.48000000,-5.10496500,-4.07164400,5.48922800,-0.85020080,-1463.41100000,18364.61000000
0.21354170,1.93309300,-3.05142100,-3.59074300,32.44254000,-7150.19500000,33033.52000000,-3.37373300,-3.24228800,-1.71942400,40.54262000,-5102.15300000,31995.10000000,-5.10151500,-4.06581500,7.41531700,25.45130000,-6760.61200000,14780.27000000
0.21458330,1.91907900,-2.97905300,-8.93894400,70.67131000,-6865.66000000,13272.36000000,-3.37632300,-3.16502100,-5.34694600,73.43325000,-3315.85000000,6366.53700000,-5.08951700,-4.01862000,-4.78326300,36.02083000,-6549.07700000,1331.93400000
0.21562500,1.91447000,-2.90418900,-13.84879000,57.23593000,-419.72300000,-21460.30000000,-3.38487200,-3.08930200,-9.19424500,51.77662000,-2836.19200000,-30979.93000000,-5.11148000,-3.99077200,-12.67394000,23.23624000,-4053.23300000,-14178.06000000
0.21666670,1.89022700,-2.85981200,-14.41646000,24.23431000,6855.96800000,-49665.63000000,-3.39547700,-3.05715300,-11.01044000,6.50276700,-225.34680000,-55256.94000000,-5.11592100,-3.97021200,-7.96647400,8.42618300,2339.06100000,-26120.71000000
0.21770830,1.88443600,-2.85370100,3.07762900,-42.48452000,17947.27000000,-46942.44000000,-3.40781100,-3.07575500,-10.01978000,-61.13246000,7349.19600000,-34256.57000000,-5.12807700,-3.97321700,-10.26179000,-30.03544000,3397.51400000,-18396.20000000
0.21875000,1.89663900,-2.94832100,22.61839000,-85.51313000,6573.05400000,-4088.39800000,-3.41635200,-3.18451200,3.29661100,-77.58143000,12738.96000000,8057.83800000,-5.13729900,-4.03278500,-1.06898200,-38.68357000,8510.64100000,2333.38800000
0.21979170,1.93155800,-3.03185400,20.51166000,-47.27635000,-8126.69800000,32658.37000000,-3.40094300,-3.23738300,18.95040000,-33.03085000,5548.58400000,32602.32000000,-5.13030400,-4.05380800,9.14469800,-16.53092000,6288.54800000,16428.27000000
0.22083330,1.93937100,-3.04681400,1.29883200,-9.52223200,-14380.70000000,32389.58000000,-3.37687200,-3.25332700,15.48999000,-9.28767400,-5594.78700000,26208.43000000,-5.11824800,-4.06722500,11.60906000,-6.91083100,1334.94800000,15228.52000000
0.22187500,1.93426400,-3.05169200,-8.80431000,14.18679000,-9063.09800000,27584.87000000,-3.36867200,-3.25673200,4.94259100,17.75407000,-10151.39000000,26373.93000000,-5.10611800,-4.06820600,11.59584000,14.21407000,-4473.82400000,17522.44000000
0.22291670,1.92102900,-3.01725800,-17.17286000,50.19756000,429.52610000,17583.73000000,-3.36657500,-3.21633900,-4.47987700,49.30154000,-8678.05000000,18271.79000000,-5.09409000,-4.03761200,3.42940300,32.60890000,-8151.10900000,8940.89800000
0.22395830,1.89848700,-2.94711300,-10.25517000,54.81099000,3932.89200000,9388.78700000,-3.37800500,-3.15402100,-14.12328000,56.32402000,-8664.55600000,10231.24000000,-5.09897400,-4.00027000,-7.32192300,32.13221000,-7488.49600000,-3960.34300000
0.22500000,1.89966400,-2.90306800,-4.31083000,61.04873000,1507.54600000,-8960.08800000,-3.39599800,-3.09899700,-21.84983000,66.20147000,175.09600000,-12176.67000000,-5.10934400,-3.97067000,-11.53820000,23.53155000,-2936.45900000,-12657.03000000
0.22604170,1.88950600,-2.81992900,-10.22757000,47.86017000,7893.84600000,-37947.39000000,-3.42352600,-3.01610100,-16.09218000,40.81646000,7246.38600000,-35951.16000000,-5.12301200,-3.95124600,-13.46628000,6.61715400,-19.11517000,-27461.59000000
0.22708330,1.87835700,-2.80336000,9.84115100,-24.10316000,9202.40800000,-46652.77000000,-3.42952400,-3.01396300,-3.47336300,-18.71649000,9780.17300000,-50361.48000000,-5.13739900,-3.95688400,-11.74565000,-32.54349000,6618.98000000,-18355.74000000
0.22812500,1.91000800,-2.87014300,16.81986000,-57.18866000,2881.65600000,-14974.62000000,-3.43076200,-3.05509400,2.87875800,-61.37279000,7873.83400000,-17546.28000000,-5.14748200,-4.01904500,-0.36751340,-40.40932000,8667.73300000,-795.89980000
0.22916670,1.91339800,-2.92250300,8.31131800,-47.93868000,-4131.60100000,7443.77300000,-3.42352600,-3.14182300,12.91354000,-61.64557000,8227.33100000,10598.62000000,-5.13816400,-4.04107000,8.71105300,-24.36178000,7729.09000000,13335.35000000
0.23020830,1.92732400,-2.97001600,11.81687000,-42.45625000,-5098.03300000,18089.46000000,-3.40385900,-3.18352200,20.86033000,-31.24510000,-1137.19600000,27968.42000000,-5.12933400,-4.06979900,13.60511000,-17.70889000,194.46870000,11823.14000000
0.23125000,1.93801700,-3.01095300,-1.75777500,-13.38491000,-8497.81500000,24207.73000000,-3.38006700,-3.20691700,11.83009000,-6.26851700,-9613.10000000,20470.05000000,-5.10982000,-4.07796400,11.62944000,2.12606400,-4561.58300000,15747.61000000
0.23229170,1.92366200,-2.99790100,-9.68545600,14.62991000,-5227.64200000,26620.34000000,-3.37921200,-3.19658100,-2.16823500,14.16545000,-11161.78000000,25022.63000000,-5.10510600,-4.06537000,1.73800200,15.97992000,-14951.36000000,20014.71000000
0.23333330,1.91783900,-2.98047400,-9.23965000,36.19168000,271.87310000,19977.69000000,-3.38458500,-3.17740600,-10.01138000,41.46729000,-6773.14000000,20253.38000000,-5.10619900,-4.04467200,-17.01963000,40.55592000,-5395.38900000,5847.56700000
0.23437500,1.90441200,-2.92250200,-11.01463000,60.77854000,-748.31410000,12268.41000000,-3.40007000,-3.11019100,-16.94220000,62.61496000,-1917.34900000,4738.19500000,-5.14056300,-3.98087800,-16.08216000,36.98285000,4506.52700000,-12383.24000000
0.23541670,1.89489100,-2.85385200,-9.66647700,61.11845000,-2124.55600000,-9798.76100000,-3.41988100,-3.04695800,-14.54486000,49.14918000,4125.91200000,-13000.62000000,-5.13970400,-3.96762500,-0.35105220,5.85247300,7442.17800000,-18845.03000000
0.23645830,1.88427400,-2.79517100,-15.15073000,40.52370000,6605.69300000,-19647.71000000,-3.43037100,-3.00779700,-7.18401600,33.13848000,7101.12300000,-15465.56000000,-5.14129500,-3.96868600,-3.10369200,-0.80542140,-492.07630000,-8302.26800000
0.23750000,1.86332700,-2.76942800,-0.10376550,17.39746000,9298.48300000,-21971.42000000,-3.43484800,-2.97791900,-0.15667020,18.72884000,5501.66500000,-23579.08000000,-5.14617000,-3.96930300,-2.03638700,-9.17546700,2843.74600000,-10752.77000000
0.23854170,1.88405800,-2.75892700,11.80203000,-3.18663900,3980.67300000,-26995.98000000,-3.43069800,-2.96877900,4.91529700,-14.82112000,3486.97500000,-24023.14000000,-5.14553700,-3.98780100,3.40219300,-24.69825000,2896.47500000,-6707.05300000
0.23958330,1.88791500,-2.77606700,3.10316900,-38.44774000,-7200.41200000,-13076.38000000,-3.42460700,-3.00879700,6.66554300,-36.86141000,191.15860000,-9271.96700000,-5.13908200,-4.02075800,4.64096300,-24.87183000,914.40760000,2796.48000000
0.24062500,1.89052300,-2.83902600,-1.62365000,-38.02056000,2529.33100000,2886.03400000,-3.41681100,-3.04557300,5.67313800,-30.94522000,-2198.62000000,5723.94200000,-5.13586800,-4.03961700,4.29115000,-16.21732000,-19.77689000,7620.09800000
0.24166670,1.88453200,-2.85527600,5.65044900,-21.97638000,2829.72200000,9405.10300000,-3.41278800,-3.07326600,1.75206500,-24.24697000,-3055.95300000,4516.46200000,-5.13014200,-4.05454400,5.20793600,-10.03695000,-1927.52900000,5671.38300000
0.24270830,1.90229400,-2.88481000,9.23522600,-24.06411000,1382.97100000,5225.21400000,-3.41316100,-3.09608800,-0.95256880,-21.54313000,-2339.47200000,11147.34000000,-5.12501900,-4.06052800,0.63279320,-3.73275800,-2740.82100000,6433.01100000
0.24375000,1.90377200,-2.90541000,4.26334800,-10.30685000,-5960.87700000,15800.41000000,-3.41477300,-3.11814700,-2.80995400,-3.74332700,-121.95570000,16133.20000000,-5.12882400,-4.06232000,-1.93129200,2.69588100,-1696.81800000,6694.99200000
0.24479170,1.91117600,-2.90628300,-0.20875440,9.47295000,-7520.25100000,16877.92000000,-3.41901500,-3.10388600,-1.80621900,16.58329000,-2300.13500000,15700.75000000,-5.12904200,-4.05491100,-1.59946700,10.67999000,-1826.95600000,7967.55800000
0.24583330,1.90333700,-2.88567400,-13.10370000,25.61587000,-8157.78300000,19748.64000000,-3.41853600,-3.08359900,-5.86970500,26.32420000,-1129.59100000,13487.37000000,-5.13215600,-4.04007000,-5.95666500,19.00380000,560.65610000,5918.65500000
0.24687500,1.88387700,-2.85291700,-17.86893000,48.38885000,2513.78500000,5241.24200000,-3.43124400,-3.04904400,-7.03031400,44.59371000,2283.13700000,2406.24700000,-5.14145200,-4.01532000,-2.06105200,23.84739000,3125.65000000,-3386.58400000
0.24791670,1.86611100,-2.78486400,-8.11467500,43.64092000,7420.88500000,-9915.74200000,-3.43318200,-2.99069500,0.87690430,36.42126000,4039.42900000,-8950.11100000,-5.13645000,-3.99038800,3.17255500,12.87395000,2188.12800000,-9581.33400000
0.24895830,1.86697100,-2.76199800,0.12925090,19.46861000,3545.46700000,-14634.44000000,-3.42941700,-2.97316700,1.70219600,18.48150000,-227.23040000,-11027.28000000,-5.13484200,-3.98849900,1.11310500,0.85108200,-317.65610000,-7485.24600000
0.25000000,1.86638000,-2.74430500,-2.00014800,15.72208000,-2278.30200000,-3466.09300000,-3.42963600,-2.95219200,-0.49363940,17.14647000,-2099.03900000,-1990.99400000,-5.13413100,-3.98861500,2.37838700,-1.25213500,-1917.08600000,-5327.36800000
0.25104170,1.86280400,-2.72924400,-4.74004000,12.51843000,1181.41300000,-4501.06700000,-3.43044500,-2.93744500,-2.26577400,13.35755000,-2920.00800000,-6434.65300000,-5.12988700,-3.99110800,-1.53383500,-9.43077200,-3111.69600000,-4955.78300000
0.25208330,1.85650500,-2.71822500,-0.50034150,6.54696600,6552.45600000,-7878.93300000,-3.43435600,-2.92436400,-6.56104200,5.01671200,-2024.05400000,-5715.77000000,-5.13732600,-4.00826300,-6.09783500,-13.80493000,-1083.60200000,-1327.64600000
0.25312500,1.86176200,-2.71560400,9.97820100,-3.85990300,735.89940000,-4698.11100000,-3.44411400,-2.92699300,-7.35862000,-0.83231720,3210.10300000,-5791.03200000,-5.14259100,-4.01986800,-2.98729200,-10.51923000,2678.97300000,4036.31100000
0.25416670,1.87729300,-2.72626600,3.30675300,-5.20504300,-7296.53800000,-1602.45400000,-3.44968700,-2.92609800,0.29508360,-4.69387400,4594.15400000,-2751.90000000,-5.14355000,-4.03017800,-0.18087760,-6.13595400,3483.07300000,3447.42100000
0.25520830,1.86865100,-2.72644800,-9.12411400,-4.26586900,-1044.45200000,-2306.85800000,-3.44349900,-2.93677200,3.83861700,-8.62556200,4185.33000000,-1740.68600000,-5.14296800,-4.03265100,3.73185500,-2.35434400,2221.87100000,1762.71200000
0.25625000,1.85828400,-2.73515300,0.98870710,-11.45584000,5176.43400000,-1462.40000000,-3.44169000,-2.94406800,6.87388100,-7.05608100,-51.95033000,1329.44800000,-5.13577500,-4.03508200,5.45597900,-2.91239200,-391.88010000,37.94875000
0.25729170,1.87071100,-2.75031400,5.78260300,-8.48110000,901.70930000,5417.62600000,-3.42917900,-2.95147200,6.31225800,-6.22826500,-1790.76000000,1542.06400000,-5.13160100,-4.03871900,2.29298100,-2.57447600,-2613.86700000,270.30340000
0.25833330,1.87033100,-2.75282200,-0.44111280,1.45681000,-4255.85800000,4693.34100000,-3.42853900,-2.95704300,0.76032110,-3.80494100,-3269.06200000,2832.12300000,-5.13099800,-4.04044600,-0.16587320,-1.96138400,-1935.14000000,681.41370000
0.25937500,1.86979200,-2.74727900,-2.01376900,2.00665700,-771.84980000,-670.64390000,-3.42759500,-2.95939900,0.42621580,-0.29396410,-190.60440000,2397.90800000,-5.13194700,-4.04280500,-1.60705400,-1.48403700,-1911.88100000,-402.48360000
0.26041670,1.86613600,-2.74864200,-2.59616200,-1.42298100,667.08640000,-909.89790000,-3.42765100,-2.95765600,0.17262740,1.55015700,29.70803000,1332.16400000,-5.13434600,-4.04353800,-3.99922700,-2.30468300,-930.00190000,1378.68800000
0.26145830,1.86438300,-2.75024400,-0.34089140,0.29043330,3455.23900000,522.19210000,-3.42723500,-2.95617000,0.59381470,2.07260900,71.31650000,570.12230000,-5.14027900,-4.04760700,-4.15030300,0.22847820,1235.89200000,2138.59300000
0.26250000,1.86542600,-2.74803700,4.37325100,0.44319430,3039.93800000,1540.50600000,-3.42641400,-2.95333800,0.39978140,2.91252000,-824.24610000,1343.54900000,-5.14299300,-4.04306200,-0.97390420,3.66109200,1332.44900000,2608.93300000
0.26354170,1.87349400,-2.74932100,6.88693300,2.26076400,-5842.59600000,2763.12000000,-3.42640200,-2.95010200,-1.10288400,4.61866500,125.54510000,-285.84910000,-5.14230800,-4.03997900,-0.90555430,4.63335300,1630.80900000,275.27860000
0.26458330,1.87977300,-2.74332700,-6.70674600,7.22679900,-3882.10500000,1946.88000000,-3.42871200,-2.94371600,0.07147370,3.14763500,1944.08700000,197.34820000,-5.14487900,-4.03340900,1.21729600,5.00002400,2253.58700000,-450.80910000
0.26562500,1.85952200,-2.73426500,-6.55723000,6.54611500,�,�,-3.42625300,-2.94354500,3.58537000,3.48670500,�,�,-5.13977200,-4.02956300,5.04560200,3.15777900,�,�
0.26666670,1.86611200,-2.72968900,�,�,�,�,-3.42124200,-2.93645200,�,�,�,�,-5.13436800,-4.02683000,�,�,�,�